section,metric,value,source_word,mutation_pool_size,mutations_selected,valid_contexts,unmatched_contexts,mutation,transformation,augmentation_level,sentence_variants_generated,count,percentage,category,original_count,augmented_count,total_count,text,reason,requested,available,original_word,mutated_word,original_sentence,augmented_sentence
dataset,total_rows,11744,,,,,,,,,,,,,,,,,,,,,,,
dataset,unique_source_words,87,,,,,,,,,,,,,,,,,,,,,,,
dataset,pct_rows_source_word_in_text,57.41,,,,,,,,,,,,,,,,,,,,,,,
dataset,source_word_freq_mean,134.99,,,,,,,,,,,,,,,,,,,,,,,
source_word_selection,random_seed,42,,,,,,,,,,,,,,,,,,,,,,,
source_word_selection,total_unique_source_words,87,,,,,,,,,,,,,,,,,,,,,,,
source_word_selection,selected_source_words,uniform|comment section|backpack|house|haircut|group project|dancing|clothes|weight|singing|class clown|sports jersey|phone|bike|group chat|gym class|science fair|stutter|sleepover|generic sneakers,,,,,,,,,,,,,,,,,,,,,,,
mutation_statistics,,,uniform,30.0,8.0,127.0,8.0,,,,,,,,,,,,,,,,,,
mutation_statistics,,,comment section,30.0,8.0,69.0,71.0,,,,,,,,,,,,,,,,,,
mutation_statistics,,,backpack,30.0,8.0,140.0,1.0,,,,,,,,,,,,,,,,,,
mutation_statistics,,,house,30.0,8.0,102.0,31.0,,,,,,,,,,,,,,,,,,
mutation_statistics,,,haircut,30.0,8.0,124.0,23.0,,,,,,,,,,,,,,,,,,
mutation_statistics,,,group project,30.0,8.0,76.0,48.0,,,,,,,,,,,,,,,,,,
mutation_statistics,,,dancing,30.0,8.0,72.0,67.0,,,,,,,,,,,,,,,,,,
mutation_statistics,,,clothes,30.0,8.0,41.0,104.0,,,,,,,,,,,,,,,,,,
mutation_statistics,,,weight,30.0,8.0,86.0,60.0,,,,,,,,,,,,,,,,,,
mutation_statistics,,,singing,30.0,8.0,88.0,57.0,,,,,,,,,,,,,,,,,,
mutation_statistics,,,class clown,30.0,8.0,0.0,30.0,,,,,,,,,,,,,,,,,,
mutation_statistics,,,sports jersey,30.0,8.0,95.0,45.0,,,,,,,,,,,,,,,,,,
mutation_statistics,,,phone,30.0,8.0,122.0,22.0,,,,,,,,,,,,,,,,,,
mutation_statistics,,,bike,30.0,8.0,130.0,15.0,,,,,,,,,,,,,,,,,,
mutation_statistics,,,group chat,30.0,8.0,113.0,28.0,,,,,,,,,,,,,,,,,,
mutation_statistics,,,gym class,30.0,8.0,0.0,41.0,,,,,,,,,,,,,,,,,,
mutation_statistics,,,science fair,30.0,8.0,124.0,14.0,,,,,,,,,,,,,,,,,,
mutation_statistics,,,stutter,30.0,8.0,111.0,13.0,,,,,,,,,,,,,,,,,,
mutation_statistics,,,sleepover,30.0,8.0,131.0,14.0,,,,,,,,,,,,,,,,,,
mutation_statistics,,,generic sneakers,30.0,8.0,41.0,100.0,,,,,,,,,,,,,,,,,,
sentence_statistics,,,uniform,,,,,un1form,leetspeak,mild,3.0,,,,,,,,,,,,,,
sentence_statistics,,,uniform,,,,,unmifоrm,insertion+mixed_script,heavy,2.0,,,,,,,,,,,,,,
sentence_statistics,,,uniform,,,,,urnifusorm,insertion,moderate,2.0,,,,,,,,,,,,,,
sentence_statistics,,,uniform,,,,,unifo_rm,spacing_noise,mild,2.0,,,,,,,,,,,,,,
sentence_statistics,,,uniform,,,,,un_iform,spacing_noise,mild,3.0,,,,,,,,,,,,,,
sentence_statistics,,,uniform,,,,,unifgorm,insertion,mild,2.0,,,,,,,,,,,,,,
sentence_statistics,,,uniform,,,,,uniiform,repetition,mild,2.0,,,,,,,,,,,,,,
sentence_statistics,,,uniform,,,,,unifoorm,repetition,mild,2.0,,,,,,,,,,,,,,
sentence_statistics,,,comment section,,,,,c-omment section,spacing_noise,mild,2.0,,,,,,,,,,,,,,
sentence_statistics,,,comment section,,,,,commen7 secti0n,leetspeak,moderate,2.0,,,,,,,,,,,,,,
sentence_statistics,,,comment section,,,,,commejt section,keyboard_noise,mild,3.0,,,,,,,,,,,,,,
sentence_statistics,,,comment section,,,,,commetnt section,insertion,mild,3.0,,,,,,,,,,,,,,
sentence_statistics,,,comment section,,,,,dommenr section,keyboard_noise,moderate,3.0,,,,,,,,,,,,,,
sentence_statistics,,,comment section,,,,,comment sectіon,mixed_script,mild,2.0,,,,,,,,,,,,,,
sentence_statistics,,,comment section,,,,,comm3nt s3ct1on,leetspeak,moderate,2.0,,,,,,,,,,,,,,
sentence_statistics,,,comment section,,,,,cyomment emsection,insertion,moderate,3.0,,,,,,,,,,,,,,
sentence_statistics,,,backpack,,,,,bacak,deletion,moderate,3.0,,,,,,,,,,,,,,
sentence_statistics,,,backpack,,,,,bacikpack,insertion,mild,3.0,,,,,,,,,,,,,,
sentence_statistics,,,backpack,,,,,8acp4ck,leetspeak+deletion,heavy,2.0,,,,,,,,,,,,,,
sentence_statistics,,,backpack,,,,,bacpack,deletion,mild,3.0,,,,,,,,,,,,,,
sentence_statistics,,,backpack,,,,,back_.pack,spacing_noise,moderate,2.0,,,,,,,,,,,,,,
sentence_statistics,,,backpack,,,,,backp4ck,leetspeak,mild,3.0,,,,,,,,,,,,,,
sentence_statistics,,,backpack,,,,,84ckp4ck,leetspeak,moderate,2.0,,,,,,,,,,,,,,
sentence_statistics,,,backpack,,,,,backpaсk,mixed_script,mild,2.0,,,,,,,,,,,,,,
sentence_statistics,,,house,,,,,h0use,leetspeak,mild,3.0,,,,,,,,,,,,,,
sentence_statistics,,,house,,,,,ohue,keyboard_noise+deletion,heavy,2.0,,,,,,,,,,,,,,
sentence_statistics,,,house,,,,,hou.se,spacing_noise,mild,2.0,,,,,,,,,,,,,,
sentence_statistics,,,house,,,,,housse,repetition,mild,3.0,,,,,,,,,,,,,,
sentence_statistics,,,house,,,,,ho use,spacing_noise,mild,3.0,,,,,,,,,,,,,,
sentence_statistics,,,house,,,,,hous,deletion,mild,3.0,,,,,,,,,,,,,,
sentence_statistics,,,house,,,,,hous3,leetspeak,mild,3.0,,,,,,,,,,,,,,
sentence_statistics,,,house,,,,,houdd,keyboard_noise,moderate,2.0,,,,,,,,,,,,,,
sentence_statistics,,,haircut,,,,,haircu,deletion,mild,2.0,,,,,,,,,,,,,,
sentence_statistics,,,haircut,,,,,haiecjt,keyboard_noise,moderate,2.0,,,,,,,,,,,,,,
sentence_statistics,,,haircut,,,,,hairuct,keyboard_noise,mild,3.0,,,,,,,,,,,,,,
sentence_statistics,,,haircut,,,,,haircu7,leetspeak,mild,3.0,,,,,,,,,,,,,,
sentence_statistics,,,haircut,,,,,hainrcut,insertion,mild,2.0,,,,,,,,,,,,,,
sentence_statistics,,,haircut,,,,,hact,deletion,moderate,3.0,,,,,,,,,,,,,,
sentence_statistics,,,haircut,,,,,h4ircut,leetspeak,mild,3.0,,,,,,,,,,,,,,
sentence_statistics,,,haircut,,,,,hhaircut,repetition,mild,3.0,,,,,,,,,,,,,,
sentence_statistics,,,group project,,,,,geoup project,keyboard_noise,mild,2.0,,,,,,,,,,,,,,
sentence_statistics,,,group project,,,,,groupc projecft,insertion,moderate,3.0,,,,,,,,,,,,,,
sentence_statistics,,,group project,,,,,grouup project,repetition,mild,3.0,,,,,,,,,,,,,,
sentence_statistics,,,group project,,,,,group projec,deletion,mild,3.0,,,,,,,,,,,,,,
sentence_statistics,,,group project,,,,,9roup project,leetspeak,mild,3.0,,,,,,,,,,,,,,
sentence_statistics,,,group project,,,,,groul project,keyboard_noise,mild,3.0,,,,,,,,,,,,,,
sentence_statistics,,,group project,,,,,groip project,keyboard_noise,mild,2.0,,,,,,,,,,,,,,
sentence_statistics,,,group project,,,,,grroup pproject,repetition,moderate,3.0,,,,,,,,,,,,,,
sentence_statistics,,,dancing,,,,,dancinb,keyboard_noise,mild,3.0,,,,,,,,,,,,,,
sentence_statistics,,,dancing,,,,,dancinge,insertion,mild,2.0,,,,,,,,,,,,,,
sentence_statistics,,,dancing,,,,,dancin-g,spacing_noise,mild,2.0,,,,,,,,,,,,,,
sentence_statistics,,,dancing,,,,,szncin9,keyboard_noise+leetspeak,heavy,3.0,,,,,,,,,,,,,,
sentence_statistics,,,dancing,,,,,danc1ng,leetspeak,mild,2.0,,,,,,,,,,,,,,
sentence_statistics,,,dancing,,,,,daηciηg,mixed_script,moderate,3.0,,,,,,,,,,,,,,
sentence_statistics,,,dancing,,,,,d ancing,spacing_noise,mild,3.0,,,,,,,,,,,,,,
sentence_statistics,,,dancing,,,,,d4ncfing,insertion+leetspeak,heavy,3.0,,,,,,,,,,,,,,
sentence_statistics,,,clothes,,,,,clothe5m,leetspeak+insertion,heavy,2.0,,,,,,,,,,,,,,
sentence_statistics,,,clothes,,,,,clsortjhes,insertion,moderate,3.0,,,,,,,,,,,,,,
sentence_statistics,,,clothes,,,,,clothies,insertion,mild,2.0,,,,,,,,,,,,,,
sentence_statistics,,,clothes,,,,,clоthеs,mixed_script,moderate,2.0,,,,,,,,,,,,,,
sentence_statistics,,,clothes,,,,,claothes,insertion,mild,2.0,,,,,,,,,,,,,,
sentence_statistics,,,clothes,,,,,clowthes,insertion,mild,3.0,,,,,,,,,,,,,,
sentence_statistics,,,clothes,,,,,clhes,deletion,moderate,3.0,,,,,,,,,,,,,,
sentence_statistics,,,clothes,,,,,cothes,deletion,mild,2.0,,,,,,,,,,,,,,
sentence_statistics,,,weight,,,,,ewight,keyboard_noise,mild,3.0,,,,,,,,,,,,,,
sentence_statistics,,,weight,,,,,weigh*t,spacing_noise,mild,2.0,,,,,,,,,,,,,,
sentence_statistics,,,weight,,,,,weit,deletion,moderate,3.0,,,,,,,,,,,,,,
sentence_statistics,,,weight,,,,,weeightt,repetition,moderate,2.0,,,,,,,,,,,,,,
sentence_statistics,,,weight,,,,,weigh_t,spacing_noise,mild,3.0,,,,,,,,,,,,,,
sentence_statistics,,,weight,,,,,weg,deletion,moderate,3.0,,,,,,,,,,,,,,
sentence_statistics,,,weight,,,,,wеight,mixed_script,mild,2.0,,,,,,,,,,,,,,
sentence_statistics,,,weight,,,,,wreight,insertion,mild,3.0,,,,,,,,,,,,,,
sentence_statistics,,,singing,,,,,sim9ing,leetspeak+keyboard_noise,heavy,3.0,,,,,,,,,,,,,,
sentence_statistics,,,singing,,,,,s1nging,leetspeak,mild,3.0,,,,,,,,,,,,,,
sentence_statistics,,,singing,,,,,siging,deletion,mild,2.0,,,,,,,,,,,,,,
sentence_statistics,,,singing,,,,,sing1ng,leetspeak,mild,3.0,,,,,,,,,,,,,,
sentence_statistics,,,singing,,,,,singong,keyboard_noise,mild,3.0,,,,,,,,,,,,,,
sentence_statistics,,,singing,,,,,sibing,deletion+keyboard_noise,heavy,3.0,,,,,,,,,,,,,,
sentence_statistics,,,singing,,,,,singimg,keyboard_noise,mild,2.0,,,,,,,,,,,,,,
sentence_statistics,,,singing,,,,,singging,repetition,mild,3.0,,,,,,,,,,,,,,
sentence_statistics,,,sports jersey,,,,,spor7s j3rsey,leetspeak,moderate,2.0,,,,,,,,,,,,,,
sentence_statistics,,,sports jersey,,,,,sports jerseyy,insertion,mild,3.0,,,,,,,,,,,,,,
sentence_statistics,,,sports jersey,,,,,sors jersey,deletion,moderate,3.0,,,,,,,,,,,,,,
sentence_statistics,,,sports jersey,,,,,sports vjersey,insertion,mild,3.0,,,,,,,,,,,,,,
sentence_statistics,,,sports jersey,,,,,sрortѕ jersmey,mixed_script+insertion,heavy,3.0,,,,,,,,,,,,,,
sentence_statistics,,,sports jersey,,,,,5port5 jerey,leetspeak+deletion,heavy,3.0,,,,,,,,,,,,,,
sentence_statistics,,,sports jersey,,,,,5por7s jersey,leetspeak,moderate,3.0,,,,,,,,,,,,,,
sentence_statistics,,,sports jersey,,,,,soorts jersey,keyboard_noise,mild,2.0,,,,,,,,,,,,,,
sentence_statistics,,,phone,,,,,ph_one,spacing_noise,mild,2.0,,,,,,,,,,,,,,
sentence_statistics,,,phone,,,,,phe,deletion,moderate,2.0,,,,,,,,,,,,,,
sentence_statistics,,,phone,,,,,phobe,keyboard_noise,mild,3.0,,,,,,,,,,,,,,
sentence_statistics,,,phone,,,,,pon3,leetspeak+deletion,heavy,3.0,,,,,,,,,,,,,,
sentence_statistics,,,phone,,,,,phon3,leetspeak,mild,3.0,,,,,,,,,,,,,,
sentence_statistics,,,phone,,,,,phonei,insertion,mild,2.0,,,,,,,,,,,,,,
sentence_statistics,,,phone,,,,,pholne,insertion,mild,3.0,,,,,,,,,,,,,,
sentence_statistics,,,phone,,,,,phonе,mixed_script,mild,2.0,,,,,,,,,,,,,,
sentence_statistics,,,bike,,,,,8ikfe,leetspeak+insertion,heavy,2.0,,,,,,,,,,,,,,
sentence_statistics,,,bike,,,,,bikejt,insertion,moderate,2.0,,,,,,,,,,,,,,
sentence_statistics,,,bike,,,,,bik3,leetspeak,mild,2.0,,,,,,,,,,,,,,
sentence_statistics,,,bike,,,,,bbike,insertion,mild,3.0,,,,,,,,,,,,,,
sentence_statistics,,,bike,,,,,bikw,keyboard_noise,mild,3.0,,,,,,,,,,,,,,
sentence_statistics,,,bike,,,,,bіkе,mixed_script,moderate,2.0,,,,,,,,,,,,,,
sentence_statistics,,,bike,,,,,bicke,insertion,mild,3.0,,,,,,,,,,,,,,
sentence_statistics,,,bike,,,,,bbikeee,repetition,moderate,2.0,,,,,,,,,,,,,,
sentence_statistics,,,group chat,,,,,group chatq,insertion,mild,2.0,,,,,,,,,,,,,,
sentence_statistics,,,group chat,,,,,gfoup chat,keyboard_noise,mild,2.0,,,,,,,,,,,,,,
sentence_statistics,,,group chat,,,,,9r0up ch4t,leetspeak,moderate,3.0,,,,,,,,,,,,,,
sentence_statistics,,,group chat,,,,,group ccchat,repetition,moderate,3.0,,,,,,,,,,,,,,
sentence_statistics,,,group chat,,,,,ggroup chat,repetition,mild,2.0,,,,,,,,,,,,,,
sentence_statistics,,,group chat,,,,,9roup ch47,leetspeak,moderate,3.0,,,,,,,,,,,,,,
sentence_statistics,,,group chat,,,,,group chаt,mixed_script,mild,2.0,,,,,,,,,,,,,,
sentence_statistics,,,group chat,,,,,group сhаt,mixed_script,moderate,3.0,,,,,,,,,,,,,,
sentence_statistics,,,science fair,,,,,sience fair,deletion,mild,2.0,,,,,,,,,,,,,,
sentence_statistics,,,science fair,,,,,sc1enc3 fair,leetspeak,moderate,2.0,,,,,,,,,,,,,,
sentence_statistics,,,science fair,,,,,science falir,insertion,mild,3.0,,,,,,,,,,,,,,
sentence_statistics,,,science fair,,,,,sciengce fair,insertion,mild,3.0,,,,,,,,,,,,,,
sentence_statistics,,,science fair,,,,,science dair,keyboard_noise,mild,2.0,,,,,,,,,,,,,,
sentence_statistics,,,science fair,,,,,s*cience fair,spacing_noise,mild,2.0,,,,,,,,,,,,,,
sentence_statistics,,,science fair,,,,,scpience faeir,insertion,moderate,3.0,,,,,,,,,,,,,,
sentence_statistics,,,science fair,,,,,sci_ence fair,spacing_noise,mild,3.0,,,,,,,,,,,,,,
sentence_statistics,,,stutter,,,,,stu_tter,spacing_noise,mild,3.0,,,,,,,,,,,,,,
sentence_statistics,,,stutter,,,,,s7utter,leetspeak,mild,3.0,,,,,,,,,,,,,,
sentence_statistics,,,stutter,,,,,stutt*er,spacing_noise,mild,2.0,,,,,,,,,,,,,,
sentence_statistics,,,stutter,,,,,stut7er,leetspeak,mild,3.0,,,,,,,,,,,,,,
sentence_statistics,,,stutter,,,,,smtuzvtter,insertion,moderate,3.0,,,,,,,,,,,,,,
sentence_statistics,,,stutter,,,,,stut_.ter,spacing_noise,moderate,2.0,,,,,,,,,,,,,,
sentence_statistics,,,stutter,,,,,stut_ter,spacing_noise,mild,2.0,,,,,,,,,,,,,,
sentence_statistics,,,stutter,,,,,ѕtuttterr,repetition+mixed_script,heavy,3.0,,,,,,,,,,,,,,
sentence_statistics,,,sleepover,,,,,sl_eepover,spacing_noise,mild,3.0,,,,,,,,,,,,,,
sentence_statistics,,,sleepover,,,,,ѕleepovеr,mixed_script,moderate,3.0,,,,,,,,,,,,,,
sentence_statistics,,,sleepover,,,,,sleepoer,deletion,mild,3.0,,,,,,,,,,,,,,
sentence_statistics,,,sleepover,,,,,sleepovver,repetition,mild,3.0,,,,,,,,,,,,,,
sentence_statistics,,,sleepover,,,,,sle epo ver,spacing_noise,moderate,3.0,,,,,,,,,,,,,,
sentence_statistics,,,sleepover,,,,,sleepoover,repetition,mild,2.0,,,,,,,,,,,,,,
sentence_statistics,,,sleepover,,,,,sleepovmrer,insertion,moderate,3.0,,,,,,,,,,,,,,
sentence_statistics,,,sleepover,,,,,sl3epov3r,leetspeak,moderate,3.0,,,,,,,,,,,,,,
sentence_statistics,,,generic sneakers,,,,,generic wneakers,keyboard_noise,mild,2.0,,,,,,,,,,,,,,
sentence_statistics,,,generic sneakers,,,,,genneric sneakers,repetition,mild,2.0,,,,,,,,,,,,,,
sentence_statistics,,,generic sneakers,,,,,generic sneafpkeers,insertion,moderate,2.0,,,,,,,,,,,,,,
sentence_statistics,,,generic sneakers,,,,,generic sneakes,deletion,mild,3.0,,,,,,,,,,,,,,
sentence_statistics,,,generic sneakers,,,,,gen3riic sneakers,leetspeak+repetition,heavy,2.0,,,,,,,,,,,,,,
sentence_statistics,,,generic sneakers,,,,,generic neakers,deletion,mild,2.0,,,,,,,,,,,,,,
sentence_statistics,,,generic sneakers,,,,,generic sneaker,deletion,mild,3.0,,,,,,,,,,,,,,
sentence_statistics,,,generic sneakers,,,,,genericx sneakers,insertion,mild,3.0,,,,,,,,,,,,,,
transformation_distribution,,,,,,,,,insertion,,,74.0,20.05,,,,,,,,,,,,
transformation_distribution,,,,,,,,,leetspeak,,,62.0,16.8,,,,,,,,,,,,
transformation_distribution,,,,,,,,,deletion,,,48.0,13.01,,,,,,,,,,,,
transformation_distribution,,,,,,,,,spacing_noise,,,46.0,12.47,,,,,,,,,,,,
transformation_distribution,,,,,,,,,keyboard_noise,,,45.0,12.2,,,,,,,,,,,,
transformation_distribution,,,,,,,,,repetition,,,35.0,9.49,,,,,,,,,,,,
transformation_distribution,,,,,,,,,mixed_script,,,23.0,6.23,,,,,,,,,,,,
transformation_distribution,,,,,,,,,leetspeak+deletion,,,8.0,2.17,,,,,,,,,,,,
transformation_distribution,,,,,,,,,leetspeak+insertion,,,4.0,1.08,,,,,,,,,,,,
transformation_distribution,,,,,,,,,keyboard_noise+leetspeak,,,3.0,0.81,,,,,,,,,,,,
transformation_distribution,,,,,,,,,insertion+leetspeak,,,3.0,0.81,,,,,,,,,,,,
transformation_distribution,,,,,,,,,leetspeak+keyboard_noise,,,3.0,0.81,,,,,,,,,,,,
transformation_distribution,,,,,,,,,deletion+keyboard_noise,,,3.0,0.81,,,,,,,,,,,,
transformation_distribution,,,,,,,,,mixed_script+insertion,,,3.0,0.81,,,,,,,,,,,,
transformation_distribution,,,,,,,,,repetition+mixed_script,,,3.0,0.81,,,,,,,,,,,,
transformation_distribution,,,,,,,,,insertion+mixed_script,,,2.0,0.54,,,,,,,,,,,,
transformation_distribution,,,,,,,,,keyboard_noise+deletion,,,2.0,0.54,,,,,,,,,,,,
transformation_distribution,,,,,,,,,leetspeak+repetition,,,2.0,0.54,,,,,,,,,,,,
level_distribution,,,,,,,,,,mild,,230.0,62.33,,,,,,,,,,,,
level_distribution,,,,,,,,,,moderate,,103.0,27.91,,,,,,,,,,,,
level_distribution,,,,,,,,,,heavy,,36.0,9.76,,,,,,,,,,,,
category_distribution,,,,,,,,,,,,,,backhanded_compliment,837.0,25.0,862.0,,,,,,,,
category_distribution,,,,,,,,,,,,,,supportive_message,806.0,32.0,838.0,,,,,,,,
category_distribution,,,,,,,,,,,,,,social_exclusion,805.0,19.0,824.0,,,,,,,,
category_distribution,,,,,,,,,,,,,,manipulation_gaslighting,804.0,31.0,835.0,,,,,,,,
category_distribution,,,,,,,,,,,,,,genuine_compliment,802.0,24.0,826.0,,,,,,,,
category_distribution,,,,,,,,,,,,,,constructive_criticism,795.0,12.0,807.0,,,,,,,,
category_distribution,,,,,,,,,,,,,,meta_commentary_condemning_bullying,794.0,26.0,820.0,,,,,,,,
category_distribution,,,,,,,,,,,,,,venting_no_target,791.0,31.0,822.0,,,,,,,,
category_distribution,,,,,,,,,,,,,,pile_on_mob,790.0,14.0,804.0,,,,,,,,
category_distribution,,,,,,,,,,,,,,neutral_statement,784.0,46.0,830.0,,,,,,,,
category_distribution,,,,,,,,,,,,,,topic_opinion_negative,775.0,27.0,802.0,,,,,,,,
category_distribution,,,,,,,,,,,,,,implicit_mockery,770.0,24.0,794.0,,,,,,,,
category_distribution,,,,,,,,,,,,,,rumor_spreading,755.0,22.0,777.0,,,,,,,,
category_distribution,,,,,,,,,,,,,,threat_clean,723.0,10.0,733.0,,,,,,,,
category_distribution,,,,,,,,,,,,,,explicit_insult_clean,713.0,26.0,739.0,,,,,,,,
quality_statistics,duplicate_count,0,,,,,,,,,,,,,,,,,,,,,,,
quality_statistics,invalid_mutation_count,147,,,,,,,,,,,,,,,,,,,,,,,
quality_statistics,invalid_mutation:duplicate_mutation,135,,,,,,,,,,,,,,,,,,,,,,,
quality_statistics,invalid_mutation:below_similarity_threshold,6,,,,,,,,,,,,,,,,,,,,,,,
quality_statistics,invalid_mutation:transform_not_applicable,4,,,,,,,,,,,,,,,,,,,,,,,
quality_statistics,invalid_mutation:identical_or_empty,2,,,,,,,,,,,,,,,,,,,,,,,
quality_statistics,unmatched_source_word_row_count,792,,,,,,,,,,,,,,,,,,,,,,,
quality_statistics,mutation_shortfall_count,2,,,,,,,,,,,,,,,,,,,,,,,
quality_statistics,augmented_rows_generated,369,,,,,,,,,,,,,,,,,,,,,,,
quality_statistics,final_rows,12113,,,,,,,,,,,,,,,,,,,,,,,
unmatched_rows,,,uniform,,,,,,,,,,,,,,,I hate wearing these stiff shoes. It makes walking around all day a real struggle.,source_word_not_found_in_text,,,,,,
unmatched_rows,,,uniform,,,,,,,,,,,,,,,My blazer is far too tight. I don't know how people wear these things every day.,source_word_not_found_in_text,,,,,,
unmatched_rows,,,uniform,,,,,,,,,,,,,,,I can't stand wearing this tie. It's way too tight and makes me feel like I can't breathe.,source_word_not_found_in_text,,,,,,
unmatched_rows,,,uniform,,,,,,,,,,,,,,,I noticed your shoes could use a good polish. They'll look even sharper for your next appearance.,source_word_not_found_in_text,,,,,,
unmatched_rows,,,uniform,,,,,,,,,,,,,,,Your collar is a bit out of place. Try wearing a tighter shirt to keep it in check.,source_word_not_found_in_text,,,,,,
unmatched_rows,,,uniform,,,,,,,,,,,,,,,I saw your belt was hanging loose. Maybe invest in a better-fitting one for a neater appearance.,source_word_not_found_in_text,,,,,,
unmatched_rows,,,uniform,,,,,,,,,,,,,,,Your socks are showing. Perhaps get a slightly longer pair for a more polished look.,source_word_not_found_in_text,,,,,,
unmatched_rows,,,uniform,,,,,,,,,,,,,,,Your shirt's collar seems to be frayed. It might be time to replace it with a new one.,source_word_not_found_in_text,,,,,,
unmatched_rows,,,comment section,,,,,,,,,,,,,,,"Wow, did you just post that comment to show everyone how smart you are? Please, we're all waiting for the next one.",source_word_not_found_in_text,,,,,,
unmatched_rows,,,comment section,,,,,,,,,,,,,,,You really outdid yourself this time. A new record for the most comments on a post. We're all so proud.,source_word_not_found_in_text,,,,,,
unmatched_rows,,,comment section,,,,,,,,,,,,,,,"Did you really need to write a book of comments? We get it, you're funny. Just let it go.",source_word_not_found_in_text,,,,,,
unmatched_rows,,,comment section,,,,,,,,,,,,,,,"Wow, you're like a broken record with your comments. How many times can you repeat the same thing before it gets old?",source_word_not_found_in_text,,,,,,
unmatched_rows,,,comment section,,,,,,,,,,,,,,,"You're like a dog with a bone when it comes to comments. Can't let go, can you?",source_word_not_found_in_text,,,,,,
unmatched_rows,,,comment section,,,,,,,,,,,,,,,I can't believe you're still commenting. You're like a one-hit wonder who keeps coming back for more. How do you do it?,source_word_not_found_in_text,,,,,,
unmatched_rows,,,comment section,,,,,,,,,,,,,,,"You're like a comment machine. Keep it up, maybe one day you'll run out of things to say.",source_word_not_found_in_text,,,,,,
unmatched_rows,,,comment section,,,,,,,,,,,,,,,"I see you're still at it, posting more comments than anyone else. Good job, we're all amazed by your dedication.",source_word_not_found_in_text,,,,,,
unmatched_rows,,,comment section,,,,,,,,,,,,,,,Why do we always listen to that one person's opinions when they're not even relevant most of the time?,source_word_not_found_in_text,,,,,,
unmatched_rows,,,comment section,,,,,,,,,,,,,,,"Seriously, do they have to keep posting in the comments section all the time? It gets quite tiring.",source_word_not_found_in_text,,,,,,
unmatched_rows,,,comment section,,,,,,,,,,,,,,,"I can't believe we're still discussing their ridiculous ideas. Just ignore them, it makes the conversation much more productive.",source_word_not_found_in_text,,,,,,
unmatched_rows,,,comment section,,,,,,,,,,,,,,,Why is it always the same person who has to be right in every single discussion? Just let others share their thoughts too.,source_word_not_found_in_text,,,,,,
unmatched_rows,,,comment section,,,,,,,,,,,,,,,I really hope we can stop giving them the attention they seem to crave. We don't need their drama in our group chat.,source_word_not_found_in_text,,,,,,
unmatched_rows,,,comment section,,,,,,,,,,,,,,,I don't get why we have to keep considering their opinions. It's like they think their way is the only correct one.,source_word_not_found_in_text,,,,,,
unmatched_rows,,,comment section,,,,,,,,,,,,,,,"Can someone remind them that they don't always have to be right? We appreciate their input, but sometimes, it's better to listen to others.",source_word_not_found_in_text,,,,,,
unmatched_rows,,,comment section,,,,,,,,,,,,,,,We should really learn to ignore them when they start to rant about their opinions. It only leads to unnecessary arguments.,source_word_not_found_in_text,,,,,,
unmatched_rows,,,comment section,,,,,,,,,,,,,,,"I really wish they'd understand that we don't want to hear their rants in the comments section anymore. Please, ignore them.",source_word_not_found_in_text,,,,,,
unmatched_rows,,,comment section,,,,,,,,,,,,,,,We can't keep allowing them to dominate the conversation every time. Let's all contribute and share our thoughts instead.,source_word_not_found_in_text,,,,,,
unmatched_rows,,,comment section,,,,,,,,,,,,,,,I saw how badly you handled the Q&A session last week. Everyone was laughing and making fun of you.,source_word_not_found_in_text,,,,,,
unmatched_rows,,,comment section,,,,,,,,,,,,,,,"Your new haircut is not only unflattering, but it also makes you look older!",source_word_not_found_in_text,,,,,,
unmatched_rows,,,comment section,,,,,,,,,,,,,,,"You always try to hog the spotlight during team meetings, don't you? People think you're so full of yourself!",source_word_not_found_in_text,,,,,,
unmatched_rows,,,comment section,,,,,,,,,,,,,,,Your new outfit? Horrible taste. It's like you're trying to look like a 10-year-old!,source_word_not_found_in_text,,,,,,
unmatched_rows,,,comment section,,,,,,,,,,,,,,,"Oh, wow, your latest post was so off topic! It's like you're just trying to start drama for attention. Sad!",source_word_not_found_in_text,,,,,,
unmatched_rows,,,comment section,,,,,,,,,,,,,,,That new song you released? Yuck. It sounds like something a middle schooler would create. Get better!,source_word_not_found_in_text,,,,,,
unmatched_rows,,,comment section,,,,,,,,,,,,,,,"Can't believe you're still using that old-fashioned phone! Maybe if you got with the times, you wouldn't make so many mistakes.",source_word_not_found_in_text,,,,,,
unmatched_rows,,,comment section,,,,,,,,,,,,,,,"You always claim to be an expert, but your advice is so basic and generic. It's like you don't even know what you're talking about!",source_word_not_found_in_text,,,,,,
unmatched_rows,,,comment section,,,,,,,,,,,,,,,"Your last blog post was so cringy. It's like you're trying to be edgy, but you just end up looking like a clown!",source_word_not_found_in_text,,,,,,
unmatched_rows,,,comment section,,,,,,,,,,,,,,,"Just checked your new profile picture, and honestly, it's like you're trying to hide behind a filter. Can't wait for the next selfie you post!",source_word_not_found_in_text,,,,,,
unmatched_rows,,,comment section,,,,,,,,,,,,,,,"Is this the same person who left that pathetic comment in your thread? Their opinion is so laughable, no one takes them seriously.",source_word_not_found_in_text,,,,,,
unmatched_rows,,,comment section,,,,,,,,,,,,,,,Why do you even bother engaging with that nobody who leaves stupid comments in your thread? It's like they're not even trying to make sense.,source_word_not_found_in_text,,,,,,
unmatched_rows,,,comment section,,,,,,,,,,,,,,,The person who leaves pointless comments in your thread is really getting on my nerves. I can't believe you let them ruin your content.,source_word_not_found_in_text,,,,,,
unmatched_rows,,,comment section,,,,,,,,,,,,,,,People have started to avoid your content due to that person who leaves stupid comments in the thread. It's such a turn-off.,source_word_not_found_in_text,,,,,,
unmatched_rows,,,comment section,,,,,,,,,,,,,,,"There's always that one person who leaves pointless comments in your thread, making everyone else cringe. I really don't get how you let them get away with it.",source_word_not_found_in_text,,,,,,
unmatched_rows,,,comment section,,,,,,,,,,,,,,,I hope everyone sees your comment and thinks you're a fool.,source_word_not_found_in_text,,,,,,
unmatched_rows,,,comment section,,,,,,,,,,,,,,,Everyone will know you made a mistake in your comment.,source_word_not_found_in_text,,,,,,
unmatched_rows,,,comment section,,,,,,,,,,,,,,,"If you keep posting these silly comments, you're just asking for people to laugh at you.",source_word_not_found_in_text,,,,,,
unmatched_rows,,,comment section,,,,,,,,,,,,,,,You'll be the laughing stock of our group if you don't watch what you say in the comments.,source_word_not_found_in_text,,,,,,
unmatched_rows,,,comment section,,,,,,,,,,,,,,,Don't expect to be included in any discussions after making those absurd comments.,source_word_not_found_in_text,,,,,,
unmatched_rows,,,comment section,,,,,,,,,,,,,,,"The next time you post something like that, you'll be the center of mockery.",source_word_not_found_in_text,,,,,,
unmatched_rows,,,comment section,,,,,,,,,,,,,,,People won't take you seriously if you keep making comments like that.,source_word_not_found_in_text,,,,,,
unmatched_rows,,,comment section,,,,,,,,,,,,,,,You're just asking for ridicule with your comments. Be prepared for the humiliation.,source_word_not_found_in_text,,,,,,
unmatched_rows,,,comment section,,,,,,,,,,,,,,,You'll be the subject of our jokes if you keep making comments like that.,source_word_not_found_in_text,,,,,,
unmatched_rows,,,comment section,,,,,,,,,,,,,,,You might want to consider re-reading your comments before posting them. They tend to come off as unintentionally snarky.,source_word_not_found_in_text,,,,,,
unmatched_rows,,,comment section,,,,,,,,,,,,,,,You've been posting such negative comments lately. Are you sure you're okay?,source_word_not_found_in_text,,,,,,
unmatched_rows,,,comment section,,,,,,,,,,,,,,,I can't believe they're still talking like that. It's cringe-worthy.,source_word_not_found_in_text,,,,,,
unmatched_rows,,,comment section,,,,,,,,,,,,,,,"Oh boy, those comments are something else! 🤦‍♂️",source_word_not_found_in_text,,,,,,
unmatched_rows,,,comment section,,,,,,,,,,,,,,,I can't stop laughing at the ridiculous things they say! 🤣,source_word_not_found_in_text,,,,,,
unmatched_rows,,,comment section,,,,,,,,,,,,,,,I'm not even sure how they're still talking like that. It's so outdated.,source_word_not_found_in_text,,,,,,
unmatched_rows,,,comment section,,,,,,,,,,,,,,,"I feel bad for their friends, trying to make sense of those comments.",source_word_not_found_in_text,,,,,,
unmatched_rows,,,comment section,,,,,,,,,,,,,,,Why do I even bother reading the comments? It's like a toxic playground where everyone's just there to fight.,source_word_not_found_in_text,,,,,,
unmatched_rows,,,comment section,,,,,,,,,,,,,,,It's a real shame that what could've been a constructive space for discussion has devolved into a battleground for toxicity.,source_word_not_found_in_text,,,,,,
unmatched_rows,,,comment section,,,,,,,,,,,,,,,"Sometimes, I get overwhelmed by all the negative comments on my posts.",source_word_not_found_in_text,,,,,,
unmatched_rows,,,comment section,,,,,,,,,,,,,,,Your comments always add a unique perspective. Perhaps consider focusing more on the subject matter and less on personal opinions.,source_word_not_found_in_text,,,,,,
unmatched_rows,,,comment section,,,,,,,,,,,,,,,I appreciate your insightful comments. Maybe try to provide more specific examples or references to back up your points?,source_word_not_found_in_text,,,,,,
unmatched_rows,,,comment section,,,,,,,,,,,,,,,"I admire your enthusiasm for commenting, but I believe you could benefit from taking a course on public speaking to help you articulate your thoughts more effectively.",source_word_not_found_in_text,,,,,,
unmatched_rows,,,comment section,,,,,,,,,,,,,,,"Your comments are valuable. But, sometimes they can be quite long. It's okay to be concise and straight to the point. Try to limit your comments to a paragraph or less.",source_word_not_found_in_text,,,,,,
unmatched_rows,,,comment section,,,,,,,,,,,,,,,"Hang in there, John. I know these comments can be tough, but you're doing great and you have a lot of people who support you.",source_word_not_found_in_text,,,,,,
unmatched_rows,,,comment section,,,,,,,,,,,,,,,"Hey there, Jane. It's normal to feel this way sometimes. Just remember that you're not alone and that there are many people who believe in you.",source_word_not_found_in_text,,,,,,
unmatched_rows,,,comment section,,,,,,,,,,,,,,,"I understand how hard this can be, Sarah. Keep your head up and focus on the positives. You're strong and resilient. We're all rooting for you!",source_word_not_found_in_text,,,,,,
unmatched_rows,,,comment section,,,,,,,,,,,,,,,"Don't let the negativity get you down, Mark. Keep pushing forward and remember that you're not alone in this. We believe in you and your abilities.",source_word_not_found_in_text,,,,,,
unmatched_rows,,,comment section,,,,,,,,,,,,,,,"It's okay to feel overwhelmed, Mary. We're here for you. You have so much potential and it's wonderful to see you growing. Keep going, you got this!",source_word_not_found_in_text,,,,,,
unmatched_rows,,,comment section,,,,,,,,,,,,,,,"Remember, Lisa, that you have a lot of support from people who care about you. These comments might be tough, but they don't define you. Keep pushing forward and stay strong!",source_word_not_found_in_text,,,,,,
unmatched_rows,,,comment section,,,,,,,,,,,,,,,"You're doing amazing, Jack! Keep your head up and focus on the positives. We're all here to support you, so don't let the negativity get you down. You can do this!",source_word_not_found_in_text,,,,,,
unmatched_rows,,,comment section,,,,,,,,,,,,,,,"I know this is hard, Rebecca, but you're doing great. Keep pushing forward and remember that you have a lot of people who believe in you. You're stronger than you think!",source_word_not_found_in_text,,,,,,
unmatched_rows,,,comment section,,,,,,,,,,,,,,,"Don't give up, Tim. We're all here to support you and help you through this. You're stronger than you think and you're capable of overcoming these challenges. Keep going!",source_word_not_found_in_text,,,,,,
unmatched_rows,,,comment section,,,,,,,,,,,,,,,"You're an amazing person, Emily. Don't let the negativity bring you down. You're strong and resilient, and you have a lot of people who support you. Keep pushing forward and never give up!",source_word_not_found_in_text,,,,,,
unmatched_rows,,,comment section,,,,,,,,,,,,,,,Bullying others just because they have a different opinion is unacceptable. It's time to promote respect and understanding.,source_word_not_found_in_text,,,,,,
unmatched_rows,,,comment section,,,,,,,,,,,,,,,"Online bullying is a serious issue. We must remember to be kind to each other, even when we disagree.",source_word_not_found_in_text,,,,,,
unmatched_rows,,,comment section,,,,,,,,,,,,,,,Online bullying is never the answer. Let's strive to create a space where everyone can feel safe and respected.,source_word_not_found_in_text,,,,,,
unmatched_rows,,,comment section,,,,,,,,,,,,,,,There's no place for online bullying. We should focus on creating a welcoming environment where everyone can share their ideas without fear.,source_word_not_found_in_text,,,,,,
unmatched_rows,,,comment section,,,,,,,,,,,,,,,Online bullying is a toxic behavior that we must work together to eliminate. It's time to create a safe and supportive space for everyone.,source_word_not_found_in_text,,,,,,
unmatched_rows,,,backpack,,,,,,,,,,,,,,,"Is it too much to ask for him to leave that bag at home? Seriously, it's making our group look bad.",source_word_not_found_in_text,,,,,,
unmatched_rows,,,house,,,,,,,,,,,,,,,"Hey guys, we should totally not invite Alex to our party tonight. I don't know what's up with his place, but it's so messy and awkward.",source_word_not_found_in_text,,,,,,
unmatched_rows,,,house,,,,,,,,,,,,,,,It's incredible how well they've kept up that dilapidated mansion.,source_word_not_found_in_text,,,,,,
unmatched_rows,,,house,,,,,,,,,,,,,,,I couldn't believe how many fancy appliances are in their kitchen.,source_word_not_found_in_text,,,,,,
unmatched_rows,,,house,,,,,,,,,,,,,,,Who knew their backyard could be so beautifully overgrown?,source_word_not_found_in_text,,,,,,
unmatched_rows,,,house,,,,,,,,,,,,,,,Their outdoor pool is the definition of extravagance.,source_word_not_found_in_text,,,,,,
unmatched_rows,,,house,,,,,,,,,,,,,,,I was surprised to see they actually maintain a garden this big.,source_word_not_found_in_text,,,,,,
unmatched_rows,,,house,,,,,,,,,,,,,,,I can't believe you call that an abode. The neighbors must wonder what kind of person lives there.,source_word_not_found_in_text,,,,,,
unmatched_rows,,,house,,,,,,,,,,,,,,,I can't believe you call that a home. It looks like it was abandoned long ago.,source_word_not_found_in_text,,,,,,
unmatched_rows,,,house,,,,,,,,,,,,,,,I'll make sure that nobody will play with you in our school playground.,source_word_not_found_in_text,,,,,,
unmatched_rows,,,house,,,,,,,,,,,,,,,Don't even try to join our school's annual picnic; everyone will avoid you there.,source_word_not_found_in_text,,,,,,
unmatched_rows,,,house,,,,,,,,,,,,,,,"We'll spread rumors about you in our school, so that people will treat you as a joke.",source_word_not_found_in_text,,,,,,
unmatched_rows,,,house,,,,,,,,,,,,,,,Everyone will laugh at you when you try to participate in our school's talent show.,source_word_not_found_in_text,,,,,,
unmatched_rows,,,house,,,,,,,,,,,,,,,"No one will sit with you at our school's lunch period, and you'll have to eat alone.",source_word_not_found_in_text,,,,,,
unmatched_rows,,,house,,,,,,,,,,,,,,,"You'll always be seen as a loser when you participate in our school's game day, and no one will cheer for you.",source_word_not_found_in_text,,,,,,
unmatched_rows,,,house,,,,,,,,,,,,,,,I'll make sure that people will ignore your opinion when you try to voice it in our school's debate club.,source_word_not_found_in_text,,,,,,
unmatched_rows,,,house,,,,,,,,,,,,,,,You'll become a laughing stock in our school when you try to dress up in our school's fashion show.,source_word_not_found_in_text,,,,,,
unmatched_rows,,,house,,,,,,,,,,,,,,,"We'll make you the target of our school's prank day, and you'll suffer the consequences.",source_word_not_found_in_text,,,,,,
unmatched_rows,,,house,,,,,,,,,,,,,,,You really should consider getting a bigger place for your family. It can't be good for them to live in such a claustrophobic environment.,source_word_not_found_in_text,,,,,,
unmatched_rows,,,house,,,,,,,,,,,,,,,I don't know how you manage to sleep in such a small space. It must be really uncomfortable.,source_word_not_found_in_text,,,,,,
unmatched_rows,,,house,,,,,,,,,,,,,,,I don't know how you manage to live in such a small space. I'm sure it must be really challenging to keep everything organized and clean.,source_word_not_found_in_text,,,,,,
unmatched_rows,,,house,,,,,,,,,,,,,,,"Oh my goodness, I feel bad for their pets living in that place.",source_word_not_found_in_text,,,,,,
unmatched_rows,,,house,,,,,,,,,,,,,,,They're trying to sell that monstrosity? No wonder it's not selling.,source_word_not_found_in_text,,,,,,
unmatched_rows,,,house,,,,,,,,,,,,,,,I can't believe they're still living in that eyesore. So unfortunate.,source_word_not_found_in_text,,,,,,
unmatched_rows,,,house,,,,,,,,,,,,,,,You might want to consider repainting your front door for a fresher look and to enhance the curb appeal of your home.,source_word_not_found_in_text,,,,,,
unmatched_rows,,,house,,,,,,,,,,,,,,,"If you're looking to add some personality to your home, think about decorating your walls with unique artwork or family photos.",source_word_not_found_in_text,,,,,,
unmatched_rows,,,house,,,,,,,,,,,,,,,"It's great to see that you keep your lawn well-manicured, but perhaps investing in a garden hose could make watering your plants easier and more efficient.",source_word_not_found_in_text,,,,,,
unmatched_rows,,,house,,,,,,,,,,,,,,,A simple yet effective way to elevate your home's interior design is by adding color-coordinated throw pillows to your living room furniture.,source_word_not_found_in_text,,,,,,
unmatched_rows,,,house,,,,,,,,,,,,,,,"If you're looking to increase your home's security, consider investing in a smart door lock or a security camera system.",source_word_not_found_in_text,,,,,,
unmatched_rows,,,house,,,,,,,,,,,,,,,You might find it helpful to declutter your home by getting rid of unnecessary items and organizing your belongings more efficiently.,source_word_not_found_in_text,,,,,,
unmatched_rows,,,house,,,,,,,,,,,,,,,"To create a cozy ambiance in your living room, you could try adding a few area rugs or plush throws for a touch of warmth and comfort.",source_word_not_found_in_text,,,,,,
unmatched_rows,,,house,,,,,,,,,,,,,,,I hope this message finds you well. Remember that you are not alone in this difficult situation. I'm here to support you. Just know that you are strong and can get through this.,source_word_not_found_in_text,,,,,,
unmatched_rows,,,haircut,,,,,,,,,,,,,,,I can't believe Samantha still hasn't cut that messy hair of hers. We should all agree not to include her until she does.,source_word_not_found_in_text,,,,,,
unmatched_rows,,,haircut,,,,,,,,,,,,,,,Has anyone noticed how Mike's hairstyle keeps getting worse? Maybe we should all pretend he's not there.,source_word_not_found_in_text,,,,,,
unmatched_rows,,,haircut,,,,,,,,,,,,,,,"That hairstyle really suits you, it brings out the best in your face. 😘",source_word_not_found_in_text,,,,,,
unmatched_rows,,,haircut,,,,,,,,,,,,,,,"I like your new hairstyle. You're not afraid to experiment, right? 😜",source_word_not_found_in_text,,,,,,
unmatched_rows,,,haircut,,,,,,,,,,,,,,,"Your hairstyle is bold, just like you. 💪",source_word_not_found_in_text,,,,,,
unmatched_rows,,,haircut,,,,,,,,,,,,,,,"I didn't know you were trying out a new hairstyle for a Halloween costume, but maybe you should reconsider the scary factor.",source_word_not_found_in_text,,,,,,
unmatched_rows,,,haircut,,,,,,,,,,,,,,,Did you see their new hairstyle? So out of style and awkward... 😮,source_word_not_found_in_text,,,,,,
unmatched_rows,,,haircut,,,,,,,,,,,,,,,"Seriously, the person who cut their hair should be fired. 😬",source_word_not_found_in_text,,,,,,
unmatched_rows,,,haircut,,,,,,,,,,,,,,,Just saw the person's new hairstyle... So sad. 😔,source_word_not_found_in_text,,,,,,
unmatched_rows,,,haircut,,,,,,,,,,,,,,,I feel so bad for them. Their new hairstyle is just... Ugh. 😞,source_word_not_found_in_text,,,,,,
unmatched_rows,,,haircut,,,,,,,,,,,,,,,"Wow, can't believe they chose that style. 😶",source_word_not_found_in_text,,,,,,
unmatched_rows,,,haircut,,,,,,,,,,,,,,,I couldn't stop laughing when I saw their new hairstyle... 🤣,source_word_not_found_in_text,,,,,,
unmatched_rows,,,haircut,,,,,,,,,,,,,,,"Ugh, I can't believe I still haven't found a hairstyle that works for me. This one just looks awful.",source_word_not_found_in_text,,,,,,
unmatched_rows,,,haircut,,,,,,,,,,,,,,,I feel like I'm always struggling with my hair. Why can't I find a hairstyle that looks good on me?,source_word_not_found_in_text,,,,,,
unmatched_rows,,,haircut,,,,,,,,,,,,,,,I can't believe I let this happen to my hair. I'm so disappointed in myself.,source_word_not_found_in_text,,,,,,
unmatched_rows,,,haircut,,,,,,,,,,,,,,,"Great new hairstyle, looks awesome on you!",source_word_not_found_in_text,,,,,,
unmatched_rows,,,haircut,,,,,,,,,,,,,,,Love the way you styled your hair today!,source_word_not_found_in_text,,,,,,
unmatched_rows,,,haircut,,,,,,,,,,,,,,,Your new hairstyle brings out the best in you!,source_word_not_found_in_text,,,,,,
unmatched_rows,,,haircut,,,,,,,,,,,,,,,The way you've cut your hair just makes you look more stylish than ever!,source_word_not_found_in_text,,,,,,
unmatched_rows,,,haircut,,,,,,,,,,,,,,,"Your hairstyle is on point today, looking great!",source_word_not_found_in_text,,,,,,
unmatched_rows,,,haircut,,,,,,,,,,,,,,,Love the way you've styled your hair! It complements your facial features well.,source_word_not_found_in_text,,,,,,
unmatched_rows,,,haircut,,,,,,,,,,,,,,,The hairstyle you went for is perfect! It matches your personality.,source_word_not_found_in_text,,,,,,
unmatched_rows,,,haircut,,,,,,,,,,,,,,,"Your hair looks good, but it seems like the layers could be blended more. Maybe try asking the stylist to make them less noticeable?",source_word_not_found_in_text,,,,,,
unmatched_rows,,,group project,,,,,,,,,,,,,,,Why is John still working on our project? He should let someone else take over.,source_word_not_found_in_text,,,,,,
unmatched_rows,,,group project,,,,,,,,,,,,,,,"John, you're really holding us back. It's time for someone else to step up.",source_word_not_found_in_text,,,,,,
unmatched_rows,,,group project,,,,,,,,,,,,,,,We're stuck because of John. Can we kick him off the project?,source_word_not_found_in_text,,,,,,
unmatched_rows,,,group project,,,,,,,,,,,,,,,"John, do you have any clue how to contribute? We're all better off without you.",source_word_not_found_in_text,,,,,,
unmatched_rows,,,group project,,,,,,,,,,,,,,,I'm over John's constant bickering. We need to find a way to work without him.,source_word_not_found_in_text,,,,,,
unmatched_rows,,,group project,,,,,,,,,,,,,,,"John, you're toxic. We'd be better off if you stopped working on our project.",source_word_not_found_in_text,,,,,,
unmatched_rows,,,group project,,,,,,,,,,,,,,,Our project would be so much better without John's negative influence. Can we get rid of him?,source_word_not_found_in_text,,,,,,
unmatched_rows,,,group project,,,,,,,,,,,,,,,John is dragging us down. We should let someone else take over so we can move forward.,source_word_not_found_in_text,,,,,,
unmatched_rows,,,group project,,,,,,,,,,,,,,,Can we kick John off our project? He's not pulling his weight and we can't move forward with him.,source_word_not_found_in_text,,,,,,
unmatched_rows,,,group project,,,,,,,,,,,,,,,"We need to work as a team, but John is a hindrance. Let's make our project better by excluding him.",source_word_not_found_in_text,,,,,,
unmatched_rows,,,group project,,,,,,,,,,,,,,,I can't believe they had to resubmit their project twice because they kept doing it wrong. What a joke!,source_word_not_found_in_text,,,,,,
unmatched_rows,,,group project,,,,,,,,,,,,,,,You guys remember how Lisa promised to do her part but never showed up? I guess she wasn't as committed as she said.,source_word_not_found_in_text,,,,,,
unmatched_rows,,,group project,,,,,,,,,,,,,,,Did you know they missed their deadline because of an 'emergency' that wasn't an emergency at all? So selfish!,source_word_not_found_in_text,,,,,,
unmatched_rows,,,group project,,,,,,,,,,,,,,,I really admire how efficient and effective your group was in working together on this project.,source_word_not_found_in_text,,,,,,
unmatched_rows,,,group project,,,,,,,,,,,,,,,The way your group was able to quickly brainstorm and come up with so many different ideas is really impressive.,source_word_not_found_in_text,,,,,,
unmatched_rows,,,group project,,,,,,,,,,,,,,,It's great that your group was able to divide the tasks so well and get the project done so quickly.,source_word_not_found_in_text,,,,,,
unmatched_rows,,,group project,,,,,,,,,,,,,,,I couldn't believe how well your group managed to keep everything organized and on track.,source_word_not_found_in_text,,,,,,
unmatched_rows,,,group project,,,,,,,,,,,,,,,Kudos to your group for being able to stay focused and productive throughout the project.,source_word_not_found_in_text,,,,,,
unmatched_rows,,,group project,,,,,,,,,,,,,,,Your group's ability to work collaboratively and complete the project on time is truly commendable.,source_word_not_found_in_text,,,,,,
unmatched_rows,,,group project,,,,,,,,,,,,,,,It's amazing how well your group was able to adapt to the challenges and come up with solutions.,source_word_not_found_in_text,,,,,,
unmatched_rows,,,group project,,,,,,,,,,,,,,,Your group's impressive work ethic and dedication to the project made it a great success.,source_word_not_found_in_text,,,,,,
unmatched_rows,,,group project,,,,,,,,,,,,,,,I can't help but be impressed by how your group managed to pull off such a successful project.,source_word_not_found_in_text,,,,,,
unmatched_rows,,,group project,,,,,,,,,,,,,,,It's amazing how well your group worked together and got this project done so quickly and effectively.,source_word_not_found_in_text,,,,,,
unmatched_rows,,,group project,,,,,,,,,,,,,,,"You're a disastrous group member, nobody wants to work with you.",source_word_not_found_in_text,,,,,,
unmatched_rows,,,group project,,,,,,,,,,,,,,,Everyone is going to know that you couldn't even get your part right. I'll make sure the group sees your mess-ups.,source_word_not_found_in_text,,,,,,
unmatched_rows,,,group project,,,,,,,,,,,,,,,I can't believe you let everyone down like that. I'll make sure the group sees your failure next time.,source_word_not_found_in_text,,,,,,
unmatched_rows,,,group project,,,,,,,,,,,,,,,You'll regret not doing your part. I'll make sure the group knows you let them down.,source_word_not_found_in_text,,,,,,
unmatched_rows,,,group project,,,,,,,,,,,,,,,Your incompetence is going to get you in trouble with the group. I'll make sure they see how bad you are.,source_word_not_found_in_text,,,,,,
unmatched_rows,,,group project,,,,,,,,,,,,,,,No one wants to work with someone who can't even do their part. I'll make sure the group knows you're a liability.,source_word_not_found_in_text,,,,,,
unmatched_rows,,,group project,,,,,,,,,,,,,,,You're not going to get away with this. I'll make sure the group sees your mistakes and how badly you let them down.,source_word_not_found_in_text,,,,,,
unmatched_rows,,,group project,,,,,,,,,,,,,,,Your lack of effort will come back to haunt you. I'll make sure everyone knows how you let the group down.,source_word_not_found_in_text,,,,,,
unmatched_rows,,,group project,,,,,,,,,,,,,,,They should just focus on their own work and stop interfering in everyone else's. It's getting old. 🙄,source_word_not_found_in_text,,,,,,
unmatched_rows,,,group project,,,,,,,,,,,,,,,I can't believe they're still struggling to make a coherent presentation. We've moved on to different projects weeks ago! 🤣,source_word_not_found_in_text,,,,,,
unmatched_rows,,,group project,,,,,,,,,,,,,,,Is there anyone left who actually knows what they're doing in this group? They should really step back and let the rest of us do the work. 🤷‍♀️,source_word_not_found_in_text,,,,,,
unmatched_rows,,,group project,,,,,,,,,,,,,,,It's really hard to take them seriously when they can't even get their own parts of the project done. It's like they're trying to sabotage us all. 😒,source_word_not_found_in_text,,,,,,
unmatched_rows,,,group project,,,,,,,,,,,,,,,I feel like they're just stalling and hoping that the rest of us will do all the work for them. It's really frustrating. 😤,source_word_not_found_in_text,,,,,,
unmatched_rows,,,group project,,,,,,,,,,,,,,,"If we have to teach them the basics of group work, then maybe they should just drop out and let the rest of us actually get something done. 😞",source_word_not_found_in_text,,,,,,
unmatched_rows,,,group project,,,,,,,,,,,,,,,"Your team members appreciate your dedication to the project, but we suggest you take a break and recharge, as we noticed you've been working tirelessly for the past few days.",source_word_not_found_in_text,,,,,,
unmatched_rows,,,group project,,,,,,,,,,,,,,,"It's great to see how well you're engaging with your teammates in this project, but don't forget to check in on each other and make sure everyone is on the same page.",source_word_not_found_in_text,,,,,,
unmatched_rows,,,group project,,,,,,,,,,,,,,,"While your technical skills are impressive, make sure to communicate clearly with your team, as they might not understand all the technical jargon.",source_word_not_found_in_text,,,,,,
unmatched_rows,,,group project,,,,,,,,,,,,,,,"Your team's project organization is impressive, but don't forget to also allocate time for brainstorming and creative thinking to ensure diverse perspectives are considered.",source_word_not_found_in_text,,,,,,
unmatched_rows,,,group project,,,,,,,,,,,,,,,"Keep up the excellent work on this project, but try to take constructive criticism positively and use it to improve your work.",source_word_not_found_in_text,,,,,,
unmatched_rows,,,group project,,,,,,,,,,,,,,,Great job on keeping the team on schedule! Just remember to check in with everyone and make sure they are comfortable with the project's pace.,source_word_not_found_in_text,,,,,,
unmatched_rows,,,group project,,,,,,,,,,,,,,,"Your team's progress is commendable, but consider incorporating feedback from other team members to ensure everyone is involved in the decision-making process.",source_word_not_found_in_text,,,,,,
unmatched_rows,,,group project,,,,,,,,,,,,,,,"Your team's dedication to this project is inspiring, but remember to stay open to new ideas and perspectives from your teammates.",source_word_not_found_in_text,,,,,,
unmatched_rows,,,group project,,,,,,,,,,,,,,,"Your ability to organize and delegate tasks effectively has been beneficial to the team, but try to involve everyone in the decision-making process to promote team unity.",source_word_not_found_in_text,,,,,,
unmatched_rows,,,group project,,,,,,,,,,,,,,,"In the office, employees often have to work on team-based projects together.",source_word_not_found_in_text,,,,,,
unmatched_rows,,,group project,,,,,,,,,,,,,,,"Team-based projects are commonly used in various fields, such as business and engineering.",source_word_not_found_in_text,,,,,,
unmatched_rows,,,dancing,,,,,,,,,,,,,,,"Lmao, check out that 'moves'. You make the T-Rex look graceful. 🤣",source_word_not_found_in_text,,,,,,
unmatched_rows,,,dancing,,,,,,,,,,,,,,,"Nice rhythm, dude. You can give me a headache from your off-beat steps. 💔",source_word_not_found_in_text,,,,,,
unmatched_rows,,,dancing,,,,,,,,,,,,,,,Trying to dance like a toddler? That's more your style. 👶🏼,source_word_not_found_in_text,,,,,,
unmatched_rows,,,dancing,,,,,,,,,,,,,,,"I heard your dance was a 10/10. It's so bad, it's good. 🤣",source_word_not_found_in_text,,,,,,
unmatched_rows,,,dancing,,,,,,,,,,,,,,,"Oh, look! The human sprinkler system. 💧",source_word_not_found_in_text,,,,,,
unmatched_rows,,,dancing,,,,,,,,,,,,,,,Why is that guy always trying to dance when we're talking? Can we have a break from his constant movement?,source_word_not_found_in_text,,,,,,
unmatched_rows,,,dancing,,,,,,,,,,,,,,,"Let's go to the club, but not with that guy who can't dance worth a damn.",source_word_not_found_in_text,,,,,,
unmatched_rows,,,dancing,,,,,,,,,,,,,,,He dances like a total amateur. I can't believe he has the nerve to show off like that.,source_word_not_found_in_text,,,,,,
unmatched_rows,,,dancing,,,,,,,,,,,,,,,"I hate it when he thinks he's the next Michael Jackson. Let's get him off the dance floor, please.",source_word_not_found_in_text,,,,,,
unmatched_rows,,,dancing,,,,,,,,,,,,,,,I'm so tired of the whole 'let's dance like we're in a music video' thing. Why can't he just dance normally like everyone else?,source_word_not_found_in_text,,,,,,
unmatched_rows,,,dancing,,,,,,,,,,,,,,,Why do we even invite him if he's just going to make a fool of himself on the dance floor?,source_word_not_found_in_text,,,,,,
unmatched_rows,,,dancing,,,,,,,,,,,,,,,Did you hear about the time John accidentally flipped on stage during his dance performance? That's not something we can forget in a hurry.,source_word_not_found_in_text,,,,,,
unmatched_rows,,,dancing,,,,,,,,,,,,,,,"I saw Jane's dance video from last week. Her footwork was all over the place, and she looked so awkward. Ouch!",source_word_not_found_in_text,,,,,,
unmatched_rows,,,dancing,,,,,,,,,,,,,,,"So, apparently, Tom has been secretly taking dance lessons. I wonder what he's trying to hide...",source_word_not_found_in_text,,,,,,
unmatched_rows,,,dancing,,,,,,,,,,,,,,,"I can't believe Alice is still trying to perfect her pirouettes. It's been months, and she still can't nail it. Poor thing.",source_word_not_found_in_text,,,,,,
unmatched_rows,,,dancing,,,,,,,,,,,,,,,Did you hear about the latest dance faux pas from Bill? He definitely lost his footing this time.,source_word_not_found_in_text,,,,,,
unmatched_rows,,,dancing,,,,,,,,,,,,,,,I can't believe Mary's recent dance performance. She looked like a total deer in headlights on stage.,source_word_not_found_in_text,,,,,,
unmatched_rows,,,dancing,,,,,,,,,,,,,,,I overheard someone saying Jack's dance routine lacked grace. Ouch!,source_word_not_found_in_text,,,,,,
shortfalls,,,class clown,,,,,,,,,,,,,,,,no_valid_sentence_contexts,0.0,0.0,,,,
shortfalls,,,gym class,,,,,,,,,,,,,,,,no_valid_sentence_contexts,0.0,0.0,,,,
example_preview,,,,,,,,,spacing_noise,mild,,,,,,,,,,,,sleepover,sl_eepover,Your sleepover decorations were so unique! I wish everyone could have the same lack of taste as you!,Your sl_eepover decorations were so unique! I wish everyone could have the same lack of taste as you!
example_preview,,,,,,,,,mixed_script,mild,,,,,,,,,,,,backpack,backpaсk,"My friend is looking for a new backpack, so I suggested she check out that store downtown where I found mine.","My friend is looking for a new backpaсk, so I suggested she check out that store downtown where I found mine."
example_preview,,,,,,,,,insertion,mild,,,,,,,,,,,,uniform,unifgorm,Nice to see you're really standing out from the crowd with that uniform. It's so unique and innovative! 👏,Nice to see you're really standing out from the crowd with that unifgorm. It's so unique and innovative! 👏
example_preview,,,,,,,,,insertion+leetspeak,heavy,,,,,,,,,,,,dancing,d4ncfing,Dancing should never be a reason for bullying. It's an outlet for expression and joy!,d4ncfing should never be a reason for bullying. It's an outlet for expression and joy!
example_preview,,,,,,,,,insertion,mild,,,,,,,,,,,,dancing,dancinge,"I'm not very coordinated, so dancing is definitely not my strong suit. I try my best, but I always end up looking ridiculous.","I'm not very coordinated, so dancinge is definitely not my strong suit. I try my best, but I always end up looking ridiculous."
example_preview,,,,,,,,,keyboard_noise,mild,,,,,,,,,,,,group project,groul project,"We're a team, and you're an important part of it. Keep pushing forward with the group project, and we'll make it work together.","We're a team, and you're an important part of it. Keep pushing forward with the groul project, and we'll make it work together."
example_preview,,,,,,,,,deletion,mild,,,,,,,,,,,,house,hous,Ethan's house is an eyesore! The paint job is so bad it's a wonder it doesn't fall apart every time it rains! 😞,Ethan's hous is an eyesore! The paint job is so bad it's a wonder it doesn't fall apart every time it rains! 😞
example_preview,,,,,,,,,leetspeak,mild,,,,,,,,,,,,backpack,backp4ck,Your backpack could benefit from some pencil cases or pouches to keep your supplies organized and protected.,Your backp4ck could benefit from some pencil cases or pouches to keep your supplies organized and protected.
example_preview,,,,,,,,,insertion,moderate,,,,,,,,,,,,sleepover,sleepovmrer,Jane and Sam had a sleepover last night and woke up feeling refreshed.,Jane and Sam had a sleepovmrer last night and woke up feeling refreshed.
example_preview,,,,,,,,,leetspeak,moderate,,,,,,,,,,,,group chat,9roup ch47,The open and friendly nature of your group chat is truly commendable. Keep inspiring others to be their best selves!,The open and friendly nature of your 9roup ch47 is truly commendable. Keep inspiring others to be their best selves!
example_preview,,,,,,,,,leetspeak+deletion,heavy,,,,,,,,,,,,backpack,8acp4ck,"I have to agree with everyone else, that backpack is just awful.","I have to agree with everyone else, that 8acp4ck is just awful."
example_preview,,,,,,,,,insertion,moderate,,,,,,,,,,,,science fair,scpience faeir,The science fair can also be a fun and engaging way to learn about different fields of science.,The scpience faeir can also be a fun and engaging way to learn about different fields of science.
example_preview,,,,,,,,,mixed_script+insertion,heavy,,,,,,,,,,,,sports jersey,sрortѕ jersmey,I'm thinking of buying a sports jersey for my brother's birthday.,I'm thinking of buying a sрortѕ jersmey for my brother's birthday.
example_preview,,,,,,,,,repetition,mild,,,,,,,,,,,,uniform,unifoorm,Uniformity is a stifling concept that restricts creativity and progress.,unifoormity is a stifling concept that restricts creativity and progress.
example_preview,,,,,,,,,repetition,mild,,,,,,,,,,,,uniform,uniiform,"Wow, you know how to choose a uniform that brings out the true you.","Wow, you know how to choose a uniiform that brings out the true you."
example_preview,,,,,,,,,deletion,mild,,,,,,,,,,,,backpack,bacpack,"There are so many colorful backpacks available nowadays, it's hard to choose just one.","There are so many colorful bacpacks available nowadays, it's hard to choose just one."
example_preview,,,,,,,,,leetspeak,mild,,,,,,,,,,,,group project,9roup project,"Hey, I just wanted to say that I was really impressed with how well you handled that group project. But don't worry, we all know that was only because you got lucky.","Hey, I just wanted to say that I was really impressed with how well you handled that 9roup project. But don't worry, we all know that was only because you got lucky."
example_preview,,,,,,,,,repetition,moderate,,,,,,,,,,,,group project,grroup pproject,"You're a real downer in this group project, always bringing everyone down.","You're a real downer in this grroup pproject, always bringing everyone down."
example_preview,,,,,,,,,keyboard_noise,mild,,,,,,,,,,,,bike,bikw,That vintage bike of yours is really a conversation starter!,That vintage bikw of yours is really a conversation starter!
example_preview,,,,,,,,,spacing_noise,mild,,,,,,,,,,,,stutter,stu_tter,I couldn't focus on their video call because of their stutter.,I couldn't focus on their video call because of their stu_tter.
example_preview,,,,,,,,,insertion,mild,,,,,,,,,,,,uniform,unifgorm,There's a big difference between expressing your opinion and bullying someone about their uniform. Let's choose kindness.,There's a big difference between expressing your opinion and bullying someone about their unifgorm. Let's choose kindness.
example_preview,,,,,,,,,deletion,mild,,,,,,,,,,,,science fair,sience fair,I can't wait to see what the smart one from the science fair will come up with this time.,I can't wait to see what the smart one from the sience fair will come up with this time.
example_preview,,,,,,,,,keyboard_noise,mild,,,,,,,,,,,,group project,geoup project,"The group project has been more challenging than I expected, but I'm confident we'll pull through.","The geoup project has been more challenging than I expected, but I'm confident we'll pull through."
example_preview,,,,,,,,,insertion,mild,,,,,,,,,,,,generic sneakers,genericx sneakers,"I've had these generic sneakers for months, and they're still in great condition.","I've had these genericx sneakers for months, and they're still in great condition."
example_preview,,,,,,,,,mixed_script,moderate,,,,,,,,,,,,sleepover,ѕleepovеr,"Don't even think about showing up to the sleepover, we'll just have fun without you.","Don't even think about showing up to the ѕleepovеr, we'll just have fun without you."
